1,358,"Test1","a665a45920422f9d417e4867efdc4fb8a04a1f3fff1fa07e998e86f7f7a27ae3","0714400","test@gmail1.com",0,1,1,1,,"17-Jul-2018 09:46:01",1,1,"price--booi1",,,1,,,,0,1,03-AUG-2017 6:48:24.773000 PM,,3,17-JUL-2017 9:46:00.541000 AM,2,1,03-AUG-2017 6:48:24.773000 PM,,"1",
2,358,"Test2","a665a45920422f9d417e4867efdc4fb8a04a1f3fff1fa07e998e86f7f7a27ae3","0714400","test@gmail2.com",0,1,1,1,,"17-Jul-2018 09:46:01",1,1,"price--booi2",,,1,,,,0,1,03-AUG-2017 6:48:24.773000 PM,,3,17-JUL-2017 9:46:00.541000 AM,2,1,03-AUG-2017 6:48:24.773000 PM,,"1",
3,358,"Test3","a665a45920422f9d417e4867efdc4fb8a04a1f3fff1fa07e998e86f7f7a27ae3","0714400","test@gmail3.com",0,1,1,1,,"17-Jul-2018 09:46:01",1,1,"price--booi3",,,1,,,,0,1,03-AUG-2017 6:48:24.773000 PM,,3,17-JUL-2017 9:46:00.541000 AM,2,1,03-AUG-2017 6:48:24.773000 PM,,"1",
4,358,"Test4","a665a45920422f9d417e4867efdc4fb8a04a1f3fff1fa07e998e86f7f7a27ae3","0714400","test@gmail4.com",0,1,1,1,,"17-Jul-2018 09:46:01",1,1,"price--booi4",,,1,,,,0,1,03-AUG-2017 6:48:24.773000 PM,,3,17-JUL-2017 9:46:00.541000 AM,2,1,03-AUG-2017 6:48:24.773000 PM,,"1",
5,358,"Test5","a665a45920422f9d417e4867efdc4fb8a04a1f3fff1fa07e998e86f7f7a27ae3","0714400","test@gmail5.com",0,1,1,1,,"17-Jul-2018 09:46:01",1,1,"price--booi5",,,1,,,,0,1,03-AUG-2017 6:48:24.773000 PM,,3,17-JUL-2017 9:46:00.541000 AM,2,1,03-AUG-2017 6:48:24.773000 PM,,"1",
6,358,"Test6","a665a45920422f9d417e4867efdc4fb8a04a1f3fff1fa07e998e86f7f7a27ae3","0714400","test@gmail6.com",0,1,1,1,,"17-Jul-2018 09:46:01",1,1,"price--booi6",,,1,,,,0,1,03-AUG-2017 6:48:24.773000 PM,,3,17-JUL-2017 9:46:00.541000 AM,2,1,03-AUG-2017 6:48:24.773000 PM,,"1",
7,358,"Test7","a665a45920422f9d417e4867efdc4fb8a04a1f3fff1fa07e998e86f7f7a27ae3","0714400","test@gmail7.com",0,1,1,1,,"17-Jul-2018 09:46:01",1,1,"price--booi7",,,1,,,,0,1,03-AUG-2017 6:48:24.773000 PM,,3,17-JUL-2017 9:46:00.541000 AM,2,1,03-AUG-2017 6:48:24.773000 PM,,"1",
8,358,"Test8","a665a45920422f9d417e4867efdc4fb8a04a1f3fff1fa07e998e86f7f7a27ae3","0714400","test@gmail8.com",0,1,1,1,,"17-Jul-2018 09:46:01",1,1,"price--booi8",,,1,,,,0,1,03-AUG-2017 6:48:24.773000 PM,,3,17-JUL-2017 9:46:00.541000 AM,2,1,03-AUG-2017 6:48:24.773000 PM,,"1",
9,358,"Test9","a665a45920422f9d417e4867efdc4fb8a04a1f3fff1fa07e998e86f7f7a27ae3","0714400","test@gmail9.com",0,1,1,1,,"17-Jul-2018 09:46:01",1,1,"price--booi9",,,1,,,,0,1,03-AUG-2017 6:48:24.773000 PM,,3,17-JUL-2017 9:46:00.541000 AM,2,1,03-AUG-2017 6:48:24.773000 PM,,"1",
10,358,"Test10","a665a45920422f9d417e4867efdc4fb8a04a1f3fff1fa07e998e86f7f7a27ae3","0714400","test@gmail10.com",0,1,1,1,,"17-Jul-2018 09:46:01",1,1,"price--booi10",,,1,,,,0,1,03-AUG-2017 6:48:24.773000 PM,,3,17-JUL-2017 9:46:00.541000 AM,2,1,03-AUG-2017 6:48:24.773000 PM,,"1",
11,358,"Test11","a665a45920422f9d417e4867efdc4fb8a04a1f3fff1fa07e998e86f7f7a27ae3","0714400","test@gmail11.com",0,1,1,1,,"17-Jul-2018 09:46:01",1,1,"price--booi11",,,1,,,,0,1,03-AUG-2017 6:48:24.773000 PM,,3,17-JUL-2017 9:46:00.541000 AM,2,1,03-AUG-2017 6:48:24.773000 PM,,"1",
12,358,"Test12","a665a45920422f9d417e4867efdc4fb8a04a1f3fff1fa07e998e86f7f7a27ae3","0714400","test@gmail12.com",0,1,1,1,,"17-Jul-2018 09:46:01",1,1,"price--booi12",,,1,,,,0,1,03-AUG-2017 6:48:24.773000 PM,,3,17-JUL-2017 9:46:00.541000 AM,2,1,03-AUG-2017 6:48:24.773000 PM,,"1",
13,358,"Test13","a665a45920422f9d417e4867efdc4fb8a04a1f3fff1fa07e998e86f7f7a27ae3","0714400","test@gmail13.com",0,1,1,1,,"17-Jul-2018 09:46:01",1,1,"price--booi13",,,1,,,,0,1,03-AUG-2017 6:48:24.773000 PM,,3,17-JUL-2017 9:46:00.541000 AM,2,1,03-AUG-2017 6:48:24.773000 PM,,"1",
14,358,"Test14","a665a45920422f9d417e4867efdc4fb8a04a1f3fff1fa07e998e86f7f7a27ae3","0714400","test@gmail14.com",0,1,1,1,,"17-Jul-2018 09:46:01",1,1,"price--booi14",,,1,,,,0,1,03-AUG-2017 6:48:24.773000 PM,,3,17-JUL-2017 9:46:00.541000 AM,2,1,03-AUG-2017 6:48:24.773000 PM,,"1",
15,358,"Test15","a665a45920422f9d417e4867efdc4fb8a04a1f3fff1fa07e998e86f7f7a27ae3","0714400","test@gmail15.com",0,1,1,1,,"17-Jul-2018 09:46:01",1,1,"price--booi15",,,1,,,,0,1,03-AUG-2017 6:48:24.773000 PM,,3,17-JUL-2017 9:46:00.541000 AM,2,1,03-AUG-2017 6:48:24.773000 PM,,"1",
16,358,"Test16","a665a45920422f9d417e4867efdc4fb8a04a1f3fff1fa07e998e86f7f7a27ae3","0714400","test@gmail16.com",0,1,1,1,,"17-Jul-2018 09:46:01",1,1,"price--booi16",,,1,,,,0,1,03-AUG-2017 6:48:24.773000 PM,,3,17-JUL-2017 9:46:00.541000 AM,2,1,03-AUG-2017 6:48:24.773000 PM,,"1",
17,358,"Test17","a665a45920422f9d417e4867efdc4fb8a04a1f3fff1fa07e998e86f7f7a27ae3","0714400","test@gmail17.com",0,1,1,1,,"17-Jul-2018 09:46:01",1,1,"price--booi17",,,1,,,,0,1,03-AUG-2017 6:48:24.773000 PM,,3,17-JUL-2017 9:46:00.541000 AM,2,1,03-AUG-2017 6:48:24.773000 PM,,"1",
18,358,"Test18","a665a45920422f9d417e4867efdc4fb8a04a1f3fff1fa07e998e86f7f7a27ae3","0714400","test@gmail18.com",0,1,1,1,,"17-Jul-2018 09:46:01",1,1,"price--booi18",,,1,,,,0,1,03-AUG-2017 6:48:24.773000 PM,,3,17-JUL-2017 9:46:00.541000 AM,2,1,03-AUG-2017 6:48:24.773000 PM,,"1",
19,358,"Test19","a665a45920422f9d417e4867efdc4fb8a04a1f3fff1fa07e998e86f7f7a27ae3","0714400","test@gmail19.com",0,1,1,1,,"17-Jul-2018 09:46:01",1,1,"price--booi19",,,1,,,,0,1,03-AUG-2017 6:48:24.773000 PM,,3,17-JUL-2017 9:46:00.541000 AM,2,1,03-AUG-2017 6:48:24.773000 PM,,"1",
20,358,"Test20","a665a45920422f9d417e4867efdc4fb8a04a1f3fff1fa07e998e86f7f7a27ae3","0714400","test@gmail20.com",0,1,1,1,,"17-Jul-2018 09:46:01",1,1,"price--booi20",,,1,,,,0,1,03-AUG-2017 6:48:24.773000 PM,,3,17-JUL-2017 9:46:00.541000 AM,2,1,03-AUG-2017 6:48:24.773000 PM,,"1",
21,358,"Test21","a665a45920422f9d417e4867efdc4fb8a04a1f3fff1fa07e998e86f7f7a27ae3","0714400","test@gmail21.com",0,1,1,1,,"17-Jul-2018 09:46:01",1,1,"price--booi21",,,1,,,,0,1,03-AUG-2017 6:48:24.773000 PM,,3,17-JUL-2017 9:46:00.541000 AM,2,1,03-AUG-2017 6:48:24.773000 PM,,"1",
22,358,"Test22","a665a45920422f9d417e4867efdc4fb8a04a1f3fff1fa07e998e86f7f7a27ae3","0714400","test@gmail22.com",0,1,1,1,,"17-Jul-2018 09:46:01",1,1,"price--booi22",,,1,,,,0,1,03-AUG-2017 6:48:24.773000 PM,,3,17-JUL-2017 9:46:00.541000 AM,2,1,03-AUG-2017 6:48:24.773000 PM,,"1",
23,358,"Test23","a665a45920422f9d417e4867efdc4fb8a04a1f3fff1fa07e998e86f7f7a27ae3","0714400","test@gmail23.com",0,1,1,1,,"17-Jul-2018 09:46:01",1,1,"price--booi23",,,1,,,,0,1,03-AUG-2017 6:48:24.773000 PM,,3,17-JUL-2017 9:46:00.541000 AM,2,1,03-AUG-2017 6:48:24.773000 PM,,"1",
24,358,"Test24","a665a45920422f9d417e4867efdc4fb8a04a1f3fff1fa07e998e86f7f7a27ae3","0714400","test@gmail24.com",0,1,1,1,,"17-Jul-2018 09:46:01",1,1,"price--booi24",,,1,,,,0,1,03-AUG-2017 6:48:24.773000 PM,,3,17-JUL-2017 9:46:00.541000 AM,2,1,03-AUG-2017 6:48:24.773000 PM,,"1",
25,358,"Test25","a665a45920422f9d417e4867efdc4fb8a04a1f3fff1fa07e998e86f7f7a27ae3","0714400","test@gmail25.com",0,1,1,1,,"17-Jul-2018 09:46:01",1,1,"price--booi25",,,1,,,,0,1,03-AUG-2017 6:48:24.773000 PM,,3,17-JUL-2017 9:46:00.541000 AM,2,1,03-AUG-2017 6:48:24.773000 PM,,"1",
26,358,"Test26","a665a45920422f9d417e4867efdc4fb8a04a1f3fff1fa07e998e86f7f7a27ae3","0714400","test@gmail26.com",0,1,1,1,,"17-Jul-2018 09:46:01",1,1,"price--booi26",,,1,,,,0,1,03-AUG-2017 6:48:24.773000 PM,,3,17-JUL-2017 9:46:00.541000 AM,2,1,03-AUG-2017 6:48:24.773000 PM,,"1",
27,358,"Test27","a665a45920422f9d417e4867efdc4fb8a04a1f3fff1fa07e998e86f7f7a27ae3","0714400","test@gmail27.com",0,1,1,1,,"17-Jul-2018 09:46:01",1,1,"price--booi27",,,1,,,,0,1,03-AUG-2017 6:48:24.773000 PM,,3,17-JUL-2017 9:46:00.541000 AM,2,1,03-AUG-2017 6:48:24.773000 PM,,"1",
28,358,"Test28","a665a45920422f9d417e4867efdc4fb8a04a1f3fff1fa07e998e86f7f7a27ae3","0714400","test@gmail28.com",0,1,1,1,,"17-Jul-2018 09:46:01",1,1,"price--booi28",,,1,,,,0,1,03-AUG-2017 6:48:24.773000 PM,,3,17-JUL-2017 9:46:00.541000 AM,2,1,03-AUG-2017 6:48:24.773000 PM,,"1",
29,358,"Test29","a665a45920422f9d417e4867efdc4fb8a04a1f3fff1fa07e998e86f7f7a27ae3","0714400","test@gmail29.com",0,1,1,1,,"17-Jul-2018 09:46:01",1,1,"price--booi29",,,1,,,,0,1,03-AUG-2017 6:48:24.773000 PM,,3,17-JUL-2017 9:46:00.541000 AM,2,1,03-AUG-2017 6:48:24.773000 PM,,"1",
30,358,"Test30","a665a45920422f9d417e4867efdc4fb8a04a1f3fff1fa07e998e86f7f7a27ae3","0714400","test@gmail30.com",0,1,1,1,,"17-Jul-2018 09:46:01",1,1,"price--booi30",,,1,,,,0,1,03-AUG-2017 6:48:24.773000 PM,,3,17-JUL-2017 9:46:00.541000 AM,2,1,03-AUG-2017 6:48:24.773000 PM,,"1",
31,358,"Test31","a665a45920422f9d417e4867efdc4fb8a04a1f3fff1fa07e998e86f7f7a27ae3","0714400","test@gmail31.com",0,1,1,1,,"17-Jul-2018 09:46:01",1,1,"price--booi31",,,1,,,,0,1,03-AUG-2017 6:48:24.773000 PM,,3,17-JUL-2017 9:46:00.541000 AM,2,1,03-AUG-2017 6:48:24.773000 PM,,"1",
32,358,"Test32","a665a45920422f9d417e4867efdc4fb8a04a1f3fff1fa07e998e86f7f7a27ae3","0714400","test@gmail32.com",0,1,1,1,,"17-Jul-2018 09:46:01",1,1,"price--booi32",,,1,,,,0,1,03-AUG-2017 6:48:24.773000 PM,,3,17-JUL-2017 9:46:00.541000 AM,2,1,03-AUG-2017 6:48:24.773000 PM,,"1",
33,358,"Test33","a665a45920422f9d417e4867efdc4fb8a04a1f3fff1fa07e998e86f7f7a27ae3","0714400","test@gmail33.com",0,1,1,1,,"17-Jul-2018 09:46:01",1,1,"price--booi33",,,1,,,,0,1,03-AUG-2017 6:48:24.773000 PM,,3,17-JUL-2017 9:46:00.541000 AM,2,1,03-AUG-2017 6:48:24.773000 PM,,"1",
34,358,"Test34","a665a45920422f9d417e4867efdc4fb8a04a1f3fff1fa07e998e86f7f7a27ae3","0714400","test@gmail34.com",0,1,1,1,,"17-Jul-2018 09:46:01",1,1,"price--booi34",,,1,,,,0,1,03-AUG-2017 6:48:24.773000 PM,,3,17-JUL-2017 9:46:00.541000 AM,2,1,03-AUG-2017 6:48:24.773000 PM,,"1",
35,358,"Test35","a665a45920422f9d417e4867efdc4fb8a04a1f3fff1fa07e998e86f7f7a27ae3","0714400","test@gmail35.com",0,1,1,1,,"17-Jul-2018 09:46:01",1,1,"price--booi35",,,1,,,,0,1,03-AUG-2017 6:48:24.773000 PM,,3,17-JUL-2017 9:46:00.541000 AM,2,1,03-AUG-2017 6:48:24.773000 PM,,"1",
36,358,"Test36","a665a45920422f9d417e4867efdc4fb8a04a1f3fff1fa07e998e86f7f7a27ae3","0714400","test@gmail36.com",0,1,1,1,,"17-Jul-2018 09:46:01",1,1,"price--booi36",,,1,,,,0,1,03-AUG-2017 6:48:24.773000 PM,,3,17-JUL-2017 9:46:00.541000 AM,2,1,03-AUG-2017 6:48:24.773000 PM,,"1",
37,358,"Test37","a665a45920422f9d417e4867efdc4fb8a04a1f3fff1fa07e998e86f7f7a27ae3","0714400","test@gmail37.com",0,1,1,1,,"17-Jul-2018 09:46:01",1,1,"price--booi37",,,1,,,,0,1,03-AUG-2017 6:48:24.773000 PM,,3,17-JUL-2017 9:46:00.541000 AM,2,1,03-AUG-2017 6:48:24.773000 PM,,"1",
38,358,"Test38","a665a45920422f9d417e4867efdc4fb8a04a1f3fff1fa07e998e86f7f7a27ae3","0714400","test@gmail38.com",0,1,1,1,,"17-Jul-2018 09:46:01",1,1,"price--booi38",,,1,,,,0,1,03-AUG-2017 6:48:24.773000 PM,,3,17-JUL-2017 9:46:00.541000 AM,2,1,03-AUG-2017 6:48:24.773000 PM,,"1",
39,358,"Test39","a665a45920422f9d417e4867efdc4fb8a04a1f3fff1fa07e998e86f7f7a27ae3","0714400","test@gmail39.com",0,1,1,1,,"17-Jul-2018 09:46:01",1,1,"price--booi39",,,1,,,,0,1,03-AUG-2017 6:48:24.773000 PM,,3,17-JUL-2017 9:46:00.541000 AM,2,1,03-AUG-2017 6:48:24.773000 PM,,"1",
40,358,"Test40","a665a45920422f9d417e4867efdc4fb8a04a1f3fff1fa07e998e86f7f7a27ae3","0714400","test@gmail40.com",0,1,1,1,,"17-Jul-2018 09:46:01",1,1,"price--booi40",,,1,,,,0,1,03-AUG-2017 6:48:24.773000 PM,,3,17-JUL-2017 9:46:00.541000 AM,2,1,03-AUG-2017 6:48:24.773000 PM,,"1",
41,358,"Test41","a665a45920422f9d417e4867efdc4fb8a04a1f3fff1fa07e998e86f7f7a27ae3","0714400","test@gmail41.com",0,1,1,1,,"17-Jul-2018 09:46:01",1,1,"price--booi41",,,1,,,,0,1,03-AUG-2017 6:48:24.773000 PM,,3,17-JUL-2017 9:46:00.541000 AM,2,1,03-AUG-2017 6:48:24.773000 PM,,"1",
42,358,"Test42","a665a45920422f9d417e4867efdc4fb8a04a1f3fff1fa07e998e86f7f7a27ae3","0714400","test@gmail42.com",0,1,1,1,,"17-Jul-2018 09:46:01",1,1,"price--booi42",,,1,,,,0,1,03-AUG-2017 6:48:24.773000 PM,,3,17-JUL-2017 9:46:00.541000 AM,2,1,03-AUG-2017 6:48:24.773000 PM,,"1",
43,358,"Test43","a665a45920422f9d417e4867efdc4fb8a04a1f3fff1fa07e998e86f7f7a27ae3","0714400","test@gmail43.com",0,1,1,1,,"17-Jul-2018 09:46:01",1,1,"price--booi43",,,1,,,,0,1,03-AUG-2017 6:48:24.773000 PM,,3,17-JUL-2017 9:46:00.541000 AM,2,1,03-AUG-2017 6:48:24.773000 PM,,"1",
44,358,"Test44","a665a45920422f9d417e4867efdc4fb8a04a1f3fff1fa07e998e86f7f7a27ae3","0714400","test@gmail44.com",0,1,1,1,,"17-Jul-2018 09:46:01",1,1,"price--booi44",,,1,,,,0,1,03-AUG-2017 6:48:24.773000 PM,,3,17-JUL-2017 9:46:00.541000 AM,2,1,03-AUG-2017 6:48:24.773000 PM,,"1",
45,358,"Test45","a665a45920422f9d417e4867efdc4fb8a04a1f3fff1fa07e998e86f7f7a27ae3","0714400","test@gmail45.com",0,1,1,1,,"17-Jul-2018 09:46:01",1,1,"price--booi45",,,1,,,,0,1,03-AUG-2017 6:48:24.773000 PM,,3,17-JUL-2017 9:46:00.541000 AM,2,1,03-AUG-2017 6:48:24.773000 PM,,"1",
46,358,"Test46","a665a45920422f9d417e4867efdc4fb8a04a1f3fff1fa07e998e86f7f7a27ae3","0714400","test@gmail46.com",0,1,1,1,,"17-Jul-2018 09:46:01",1,1,"price--booi46",,,1,,,,0,1,03-AUG-2017 6:48:24.773000 PM,,3,17-JUL-2017 9:46:00.541000 AM,2,1,03-AUG-2017 6:48:24.773000 PM,,"1",
47,358,"Test47","a665a45920422f9d417e4867efdc4fb8a04a1f3fff1fa07e998e86f7f7a27ae3","0714400","test@gmail47.com",0,1,1,1,,"17-Jul-2018 09:46:01",1,1,"price--booi47",,,1,,,,0,1,03-AUG-2017 6:48:24.773000 PM,,3,17-JUL-2017 9:46:00.541000 AM,2,1,03-AUG-2017 6:48:24.773000 PM,,"1",
48,358,"Test48","a665a45920422f9d417e4867efdc4fb8a04a1f3fff1fa07e998e86f7f7a27ae3","0714400","test@gmail48.com",0,1,1,1,,"17-Jul-2018 09:46:01",1,1,"price--booi48",,,1,,,,0,1,03-AUG-2017 6:48:24.773000 PM,,3,17-JUL-2017 9:46:00.541000 AM,2,1,03-AUG-2017 6:48:24.773000 PM,,"1",
49,358,"Test49","a665a45920422f9d417e4867efdc4fb8a04a1f3fff1fa07e998e86f7f7a27ae3","0714400","test@gmail49.com",0,1,1,1,,"17-Jul-2018 09:46:01",1,1,"price--booi49",,,1,,,,0,1,03-AUG-2017 6:48:24.773000 PM,,3,17-JUL-2017 9:46:00.541000 AM,2,1,03-AUG-2017 6:48:24.773000 PM,,"1",
50,358,"Test50","a665a45920422f9d417e4867efdc4fb8a04a1f3fff1fa07e998e86f7f7a27ae3","0714400","test@gmail50.com",0,1,1,1,,"17-Jul-2018 09:46:01",1,1,"price--booi50",,,1,,,,0,1,03-AUG-2017 6:48:24.773000 PM,,3,17-JUL-2017 9:46:00.541000 AM,2,1,03-AUG-2017 6:48:24.773000 PM,,"1",
51,358,"Test51","a665a45920422f9d417e4867efdc4fb8a04a1f3fff1fa07e998e86f7f7a27ae3","0714400","test@gmail51.com",0,1,1,1,,"17-Jul-2018 09:46:01",1,1,"price--booi51",,,1,,,,0,1,03-AUG-2017 6:48:24.773000 PM,,3,17-JUL-2017 9:46:00.541000 AM,2,1,03-AUG-2017 6:48:24.773000 PM,,"1",
52,358,"Test52","a665a45920422f9d417e4867efdc4fb8a04a1f3fff1fa07e998e86f7f7a27ae3","0714400","test@gmail52.com",0,1,1,1,,"17-Jul-2018 09:46:01",1,1,"price--booi52",,,1,,,,0,1,03-AUG-2017 6:48:24.773000 PM,,3,17-JUL-2017 9:46:00.541000 AM,2,1,03-AUG-2017 6:48:24.773000 PM,,"1",
53,358,"Test53","a665a45920422f9d417e4867efdc4fb8a04a1f3fff1fa07e998e86f7f7a27ae3","0714400","test@gmail53.com",0,1,1,1,,"17-Jul-2018 09:46:01",1,1,"price--booi53",,,1,,,,0,1,03-AUG-2017 6:48:24.773000 PM,,3,17-JUL-2017 9:46:00.541000 AM,2,1,03-AUG-2017 6:48:24.773000 PM,,"1",
54,358,"Test54","a665a45920422f9d417e4867efdc4fb8a04a1f3fff1fa07e998e86f7f7a27ae3","0714400","test@gmail54.com",0,1,1,1,,"17-Jul-2018 09:46:01",1,1,"price--booi54",,,1,,,,0,1,03-AUG-2017 6:48:24.773000 PM,,3,17-JUL-2017 9:46:00.541000 AM,2,1,03-AUG-2017 6:48:24.773000 PM,,"1",
55,358,"Test55","a665a45920422f9d417e4867efdc4fb8a04a1f3fff1fa07e998e86f7f7a27ae3","0714400","test@gmail55.com",0,1,1,1,,"17-Jul-2018 09:46:01",1,1,"price--booi55",,,1,,,,0,1,03-AUG-2017 6:48:24.773000 PM,,3,17-JUL-2017 9:46:00.541000 AM,2,1,03-AUG-2017 6:48:24.773000 PM,,"1",
56,358,"Test56","a665a45920422f9d417e4867efdc4fb8a04a1f3fff1fa07e998e86f7f7a27ae3","0714400","test@gmail56.com",0,1,1,1,,"17-Jul-2018 09:46:01",1,1,"price--booi56",,,1,,,,0,1,03-AUG-2017 6:48:24.773000 PM,,3,17-JUL-2017 9:46:00.541000 AM,2,1,03-AUG-2017 6:48:24.773000 PM,,"1",
57,358,"Test57","a665a45920422f9d417e4867efdc4fb8a04a1f3fff1fa07e998e86f7f7a27ae3","0714400","test@gmail57.com",0,1,1,1,,"17-Jul-2018 09:46:01",1,1,"price--booi57",,,1,,,,0,1,03-AUG-2017 6:48:24.773000 PM,,3,17-JUL-2017 9:46:00.541000 AM,2,1,03-AUG-2017 6:48:24.773000 PM,,"1",
58,358,"Test58","a665a45920422f9d417e4867efdc4fb8a04a1f3fff1fa07e998e86f7f7a27ae3","0714400","test@gmail58.com",0,1,1,1,,"17-Jul-2018 09:46:01",1,1,"price--booi58",,,1,,,,0,1,03-AUG-2017 6:48:24.773000 PM,,3,17-JUL-2017 9:46:00.541000 AM,2,1,03-AUG-2017 6:48:24.773000 PM,,"1",
59,358,"Test59","a665a45920422f9d417e4867efdc4fb8a04a1f3fff1fa07e998e86f7f7a27ae3","0714400","test@gmail59.com",0,1,1,1,,"17-Jul-2018 09:46:01",1,1,"price--booi59",,,1,,,,0,1,03-AUG-2017 6:48:24.773000 PM,,3,17-JUL-2017 9:46:00.541000 AM,2,1,03-AUG-2017 6:48:24.773000 PM,,"1",
60,358,"Test60","a665a45920422f9d417e4867efdc4fb8a04a1f3fff1fa07e998e86f7f7a27ae3","0714400","test@gmail60.com",0,1,1,1,,"17-Jul-2018 09:46:01",1,1,"price--booi60",,,1,,,,0,1,03-AUG-2017 6:48:24.773000 PM,,3,17-JUL-2017 9:46:00.541000 AM,2,1,03-AUG-2017 6:48:24.773000 PM,,"1",
61,358,"Test","8b600e90a5d1d65b728aa5e918b8c2fefa24955edeec3217b06bdd5b2e28933b","0714400","test@gmail.com",0,1,1,1,,"17-Jul-2018 09:46:01",1,1,"price--booi",,"20-Feb-2019 16:26:47",1,,,,0,3,26-SEP-2017 4:30:22.959000 PM,,3,17-JUL-2017 9:46:00.541000 AM,2,3,26-SEP-2017 4:30:22.959000 PM,,"1",
62,358,"test2","e3b0c44298fc1c149afbf4c8996fb92427ae41e4649b934ca495991b7852b855","12388","trtry@sdfg.com",1,1,2,1,,"17-Jul-2018 10:55:08",1,0,"321",,,1,,,,0,1,03-AUG-2017 7:03:33.458000 PM,,3,17-JUL-2017 10:55:08.799000 AM,2,1,03-AUG-2017 7:03:33.458000 PM,,"1",
63,358,"YD New","e3b0c44298fc1c149afbf4c8996fb92427ae41e4649b934ca495991b7852b855","123",,0,1,1,1,,"17-Jul-2018 11:00:23",1,0,"test-price",,,2,,,,0,1,26-JUL-2017 11:36:10.183000 AM,,3,17-JUL-2017 11:00:23.381000 AM,2,1,26-JUL-2017 11:36:10.183000 AM,,"1",
64,358,"test","a665a45920422f9d417e4867efdc4fb8a04a1f3fff1fa07e998e86f7f7a27ae3","3212","123",0,1,1,5,"123","26-Oct-2018 11:25:59",0,1,"price_price","123","04-Jul-2019 11:44:21",3,,01-JAN-1970 5:30:00.000000 AM,,0,2,17-JUL-2017 2:51:43.075000 PM,,3,17-JUL-2017 11:25:59.754000 AM,2,1,17-JUL-2017 2:51:43.075000 PM,0,"1",1
65,358,"sirisena","4c1f59f146446c5fef49a6d5b2a0abd1217afea33bd40ef0cda679ca4aea7c23","123","123",1,1,2,2,"123","18-Jul-2018 10:25:01",1,1,"my3","123",,2,,,,0,2,18-JUL-2017 11:09:51.246000 AM,,3,18-JUL-2017 10:25:01.666000 AM,2,1,18-JUL-2017 11:09:51.246000 AM,,"1",
66,358,"JonSnow","cb8d8acd6ad6700a54edeec8300712498249a06693551ba31a82c66e9eaef58e","123","123",1,1,1,1,"123","18-Jul-2018 11:50:19",1,1,"stark",,,2,,,,0,2,18-JUL-2017 11:50:45.280000 AM,,3,18-JUL-2017 11:50:19.335000 AM,2,1,18-JUL-2017 11:50:45.280000 AM,,"1",
67,358,"Tirion Lannister","e3b0c44298fc1c149afbf4c8996fb92427ae41e4649b934ca495991b7852b855","123","123",0,1,2,2,,"18-Jul-2018 11:53:58",1,1,"No One",,,2,,,,0,0,18-JUL-2017 12:01:35.974000 PM,,3,18-JUL-2017 11:53:58.702000 AM,2,1,18-JUL-2017 12:01:35.974000 PM,,"1",
68,358,"Robo Tikka_malli_new",,"1243","1@2.com",0,1,1,4,"ad1b521fc6878cbee5498bc8fba7a8b2e0592d820b704037c8fd8abfb3efd129","18-Jul-2018 14:37:39",1,1,"Sonic",,,2,,,,0,3,26-SEP-2017 6:52:31.091000 PM,,3,18-JUL-2017 2:37:39.516000 PM,2,3,26-SEP-2017 6:52:31.091000 PM,,"1",
69,358,"Test69","a665a45920422f9d417e4867efdc4fb8a04a1f3fff1fa07e998e86f7f7a27ae3","0714400","test@gmail69.com",0,1,1,1,,"17-Jul-2018 09:46:01",1,1,"price--booi69",,,1,,,,0,1,03-AUG-2017 6:48:24.773000 PM,,3,17-JUL-2017 9:46:00.541000 AM,2,1,03-AUG-2017 6:48:24.773000 PM,,"1",
70,358,"Test70","a665a45920422f9d417e4867efdc4fb8a04a1f3fff1fa07e998e86f7f7a27ae3","0714400","test@gmail70.com",0,1,1,1,,"17-Jul-2018 09:46:01",1,1,"price--booi70",,,1,,,,0,1,03-AUG-2017 6:48:24.773000 PM,,3,17-JUL-2017 9:46:00.541000 AM,2,1,03-AUG-2017 6:48:24.773000 PM,,"1",
71,358,"Test71","a665a45920422f9d417e4867efdc4fb8a04a1f3fff1fa07e998e86f7f7a27ae3","0714400","test@gmail71.com",0,1,1,1,,"17-Jul-2018 09:46:01",1,1,"price--booi71",,,1,,,,0,1,03-AUG-2017 6:48:24.773000 PM,,3,17-JUL-2017 9:46:00.541000 AM,2,1,03-AUG-2017 6:48:24.773000 PM,,"1",
72,358,"Test72","a665a45920422f9d417e4867efdc4fb8a04a1f3fff1fa07e998e86f7f7a27ae3","0714400","test@gmail72.com",0,1,1,1,,"17-Jul-2018 09:46:01",1,1,"price--booi72",,,1,,,,0,1,03-AUG-2017 6:48:24.773000 PM,,3,17-JUL-2017 9:46:00.541000 AM,2,1,03-AUG-2017 6:48:24.773000 PM,,"1",
73,358,"Test73","a665a45920422f9d417e4867efdc4fb8a04a1f3fff1fa07e998e86f7f7a27ae3","0714400","test@gmail73.com",0,1,1,1,,"17-Jul-2018 09:46:01",1,1,"price--booi73",,,1,,,,0,1,03-AUG-2017 6:48:24.773000 PM,,3,17-JUL-2017 9:46:00.541000 AM,2,1,03-AUG-2017 6:48:24.773000 PM,,"1",
74,358,"Test74","a665a45920422f9d417e4867efdc4fb8a04a1f3fff1fa07e998e86f7f7a27ae3","0714400","test@gmail74.com",0,1,1,1,,"17-Jul-2018 09:46:01",1,1,"price--booi74",,,1,,,,0,1,03-AUG-2017 6:48:24.773000 PM,,3,17-JUL-2017 9:46:00.541000 AM,2,1,03-AUG-2017 6:48:24.773000 PM,,"1",
75,358,"test3_2","e3b0c44298fc1c149afbf4c8996fb92427ae41e4649b934ca495991b7852b855","234245",,0,1,1,1,,"18-Jul-2018 16:46:41",1,1,,,,,,,,0,0,18-JUL-2017 4:50:01.113000 PM,,3,18-JUL-2017 4:46:40.900000 PM,2,1,18-JUL-2017 4:50:01.113000 PM,,"1",
76,358,"test4New","e3b0c44298fc1c149afbf4c8996fb92427ae41e4649b934ca495991b7852b855","234245",,0,1,2,3,,"18-Jul-2018 16:49:31",1,1,,,,,,,,0,0,,,3,18-JUL-2017 4:49:31.340000 PM,2,3,28-AUG-2017 5:58:34.962000 PM,,"1",
77,358,"wwewe","4191f6caa5b22ad4ff639a346878dfa63022ac56d06d87e7ce8a8966337df66b","234245",,0,1,2,2,,"18-Jul-2018 16:51:15",1,1,,,,,,,,0,3,26-SEP-2017 6:38:37.393000 PM,,3,18-JUL-2017 4:51:15.796000 PM,2,3,26-SEP-2017 6:38:37.393000 PM,,"1",
78,358,"MandukaNew","e3b0c44298fc1c149afbf4c8996fb92427ae41e4649b934ca495991b7852b855","124","1@2.com",1,1,2,2,,"18-Jul-2018 17:02:21",1,1,"Sonic",,,2,,,,0,0,18-JUL-2017 5:01:45.627000 PM,,3,18-JUL-2017 5:02:21.042000 PM,2,3,15-SEP-2017 4:43:14.598000 PM,,"1",
79,358,"test_2244","e3b0c44298fc1c149afbf4c8996fb92427ae41e4649b934ca495991b7852b855","124","1@2.com",0,1,1,2,,"18-Jul-2018 17:03:13",1,1,"Sonic",,,2,,,,0,0,18-JUL-2017 5:01:45.627000 PM,,3,18-JUL-2017 5:03:13.390000 PM,2,3,28-AUG-2017 6:05:05.070000 PM,,"1",
80,358,"testt8Edited","e3b0c44298fc1c149afbf4c8996fb92427ae41e4649b934ca495991b7852b855","124","1@2.com",0,1,2,5,,"18-Jul-2018 17:04:40",1,1,"Sonic",,,2,,,,0,0,18-JUL-2017 5:29:43.565000 PM,,3,18-JUL-2017 5:04:40.945000 PM,2,3,29-AUG-2017 2:51:20.489000 PM,,"1",
81,358,"Test81","a665a45920422f9d417e4867efdc4fb8a04a1f3fff1fa07e998e86f7f7a27ae3","0714400","test@gmail81.com",0,1,1,1,,"17-Jul-2018 09:46:01",1,1,"price--booi81",,,1,,,,0,1,03-AUG-2017 6:48:24.773000 PM,,3,17-JUL-2017 9:46:00.541000 AM,2,1,03-AUG-2017 6:48:24.773000 PM,,"1",
82,358,"test__Sonic","e3b0c44298fc1c149afbf4c8996fb92427ae41e4649b934ca495991b7852b855","124","1@2.com",0,1,2,4,,"18-Jul-2018 17:05:20",1,1,"Sonic",,,2,,,,0,0,21-JUL-2017 11:23:46.424000 AM,,3,18-JUL-2017 5:05:20.735000 PM,2,1,21-JUL-2017 11:23:46.424000 AM,,"1",
83,357,"12345","e3b0c44298fc1c149afbf4c8996fb92427ae41e4649b934ca495991b7852b855","124","1@2.com",0,1,2,3,,"18-Jul-2018 17:06:47",1,1,"Sonic",,,2,,,,0,0,,,3,18-JUL-2017 5:06:47.210000 PM,2,3,18-JUL-2017 5:06:47.210000 PM,,"1",
84,357,"pink_Panther",,,,0,1,1,4,,"18-Jul-2018 17:14:32",1,1,,,,,,,,0,0,,,3,18-JUL-2017 5:14:32.493000 PM,2,3,18-JUL-2017 5:14:32.493000 PM,,"1",
85,357,"pink_Panther_Kolla",,,,0,1,1,4,,"18-Jul-2018 17:16:10",1,1,,,,,,,,0,0,,,3,18-JUL-2017 5:16:10.071000 PM,2,3,18-JUL-2017 5:16:10.071000 PM,,"1",
86,357,"Sirmal",,,,0,1,2,5,,"18-Jul-2018 17:19:46",1,1,,,,,,,,0,0,,,3,18-JUL-2017 5:19:46.498000 PM,2,3,18-JUL-2017 5:19:46.498000 PM,,"1",
87,358,"Siri Sirimalp","e3b0c44298fc1c149afbf4c8996fb92427ae41e4649b934ca495991b7852b855",,,0,1,2,5,,"18-Jul-2018 17:22:44",1,1,,,,,,,,0,0,18-JUL-2017 5:38:44.202000 PM,,3,18-JUL-2017 5:22:44.034000 PM,2,1,18-JUL-2017 5:38:44.202000 PM,,"1",
88,358,"dsbdsdnkas d",,,,0,1,2,5,,"18-Jul-2018 17:23:29",1,1,,,,,,,,0,0,,,3,18-JUL-2017 5:23:29.107000 PM,2,3,18-JUL-2017 5:23:29.107000 PM,,"1",
89,358,"disdi didin","e3b0c44298fc1c149afbf4c8996fb92427ae41e4649b934ca495991b7852b855",,,0,1,2,5,,"18-Jul-2018 17:25:13",1,1,,,,,,,,0,0,18-JUL-2017 5:41:24.711000 PM,,3,18-JUL-2017 5:25:13.761000 PM,2,1,18-JUL-2017 5:41:24.711000 PM,,"1",
90,358,"john","e3b0c44298fc1c149afbf4c8996fb92427ae41e4649b934ca495991b7852b855",,,0,1,2,5,,"18-Jul-2018 17:28:01",1,1,,,,,,,,0,0,18-JUL-2017 5:47:39.355000 PM,,3,18-JUL-2017 5:28:01.256000 PM,2,1,18-JUL-2017 5:47:39.355000 PM,,"1",
91,358,"last_test",,,,0,1,2,2,,"18-Jul-2018 17:47:58",1,1,,,,,,,,0,0,,,3,18-JUL-2017 5:47:58.131000 PM,2,3,18-JUL-2017 5:47:58.131000 PM,,"1",
92,358,"Maru Sira","e3b0c44298fc1c149afbf4c8996fb92427ae41e4649b934ca495991b7852b855","0716587458","sira@gmail.com",0,1,1,1,,"19-Jul-2018 13:39:31",1,1,,,,,,,,0,0,24-JUL-2017 7:00:18.911000 PM,,3,19-JUL-2017 1:39:08.959000 PM,2,1,24-JUL-2017 7:00:18.911000 PM,,"1",
93,358,"Test93","a665a45920422f9d417e4867efdc4fb8a04a1f3fff1fa07e998e86f7f7a27ae3","0714400","test@gmail93.com",0,1,1,1,,"17-Jul-2018 09:46:01",1,1,"price--booi93",,,1,,,,0,1,03-AUG-2017 6:48:24.773000 PM,,3,17-JUL-2017 9:46:00.541000 AM,2,1,03-AUG-2017 6:48:24.773000 PM,,"1",
94,358,"Test94","a665a45920422f9d417e4867efdc4fb8a04a1f3fff1fa07e998e86f7f7a27ae3","0714400","test@gmail94.com",0,1,1,1,,"17-Jul-2018 09:46:01",1,1,"price--booi94",,,1,,,,0,1,03-AUG-2017 6:48:24.773000 PM,,3,17-JUL-2017 9:46:00.541000 AM,2,1,03-AUG-2017 6:48:24.773000 PM,,"1",
95,358,"Test95","a665a45920422f9d417e4867efdc4fb8a04a1f3fff1fa07e998e86f7f7a27ae3","0714400","test@gmail95.com",0,1,1,1,,"17-Jul-2018 09:46:01",1,1,"price--booi95",,,1,,,,0,1,03-AUG-2017 6:48:24.773000 PM,,3,17-JUL-2017 9:46:00.541000 AM,2,1,03-AUG-2017 6:48:24.773000 PM,,"1",
96,358,"Test96","a665a45920422f9d417e4867efdc4fb8a04a1f3fff1fa07e998e86f7f7a27ae3","0714400","test@gmail96.com",0,1,1,1,,"17-Jul-2018 09:46:01",1,1,"price--booi96",,,1,,,,0,1,03-AUG-2017 6:48:24.773000 PM,,3,17-JUL-2017 9:46:00.541000 AM,2,1,03-AUG-2017 6:48:24.773000 PM,,"1",
97,358,"Test97","a665a45920422f9d417e4867efdc4fb8a04a1f3fff1fa07e998e86f7f7a27ae3","0714400","test@gmail97.com",0,1,1,1,,"17-Jul-2018 09:46:01",1,1,"price--booi97",,,1,,,,0,1,03-AUG-2017 6:48:24.773000 PM,,3,17-JUL-2017 9:46:00.541000 AM,2,1,03-AUG-2017 6:48:24.773000 PM,,"1",
98,358,"Test98","a665a45920422f9d417e4867efdc4fb8a04a1f3fff1fa07e998e86f7f7a27ae3","0714400","test@gmail98.com",0,1,1,1,,"17-Jul-2018 09:46:01",1,1,"price--booi98",,,1,,,,0,1,03-AUG-2017 6:48:24.773000 PM,,3,17-JUL-2017 9:46:00.541000 AM,2,1,03-AUG-2017 6:48:24.773000 PM,,"1",
99,358,"Test99","a665a45920422f9d417e4867efdc4fb8a04a1f3fff1fa07e998e86f7f7a27ae3","0714400","test@gmail99.com",0,1,1,1,,"17-Jul-2018 09:46:01",1,1,"price--booi99",,,1,,,,0,1,03-AUG-2017 6:48:24.773000 PM,,3,17-JUL-2017 9:46:00.541000 AM,2,1,03-AUG-2017 6:48:24.773000 PM,,"1",
100,358,"Test100","a665a45920422f9d417e4867efdc4fb8a04a1f3fff1fa07e998e86f7f7a27ae3","0714400","test@gmail100.com",0,1,1,1,,"17-Jul-2018 09:46:01",1,1,"price--booi100",,,1,,,,0,1,03-AUG-2017 6:48:24.773000 PM,,3,17-JUL-2017 9:46:00.541000 AM,2,1,03-AUG-2017 6:48:24.773000 PM,,"1",
